,Title,URL,Thumbanil URL,Channel name
0,He really did that ðŸ˜¦ðŸ˜³ | #shorts,https://www.youtube.com/watch?v=-j7QuRwHzIs,https://i.ytimg.com/vi/-j7QuRwHzIs/hqdefault.jpg?sqp=-oaymwEcCPYBEIoBSFXyq4qpAw4IARUAAIhCGAFwAcABBg==&rs=AOn4CLA_KNb-YRU5YTEagfvC38qVudBw7g,SportsNation
1,Juice WRLD - Go Hard 2.0 (Official Music Video),https://www.youtube.com/watch?v=76-3t3g_Mig,https://i.ytimg.com/vi/76-3t3g_Mig/hqdefault.jpg?sqp=-oaymwEcCPYBEIoBSFXyq4qpAw4IARUAAIhCGAFwAcABBg==&rs=AOn4CLBybXMEOwsD6H3ILOVSW2JWmW0peg,Juice WRLD
2,OPENING UP ABOUT MY MENTAL HEALTH,https://www.youtube.com/watch?v=Fgu0735DYos,https://i.ytimg.com/vi/Fgu0735DYos/hqdefault.jpg?sqp=-oaymwEcCPYBEIoBSFXyq4qpAw4IARUAAIhCGAFwAcABBg==&rs=AOn4CLAqY3AYMVcBRSaARhgTmMs-VPyr0Q,AlondraDessy
3,Avery Anna - Narcissist (Lyric Video),https://www.youtube.com/watch?v=ZAETfO9a8cw,https://i.ytimg.com/vi/ZAETfO9a8cw/hqdefault.jpg?sqp=-oaymwEcCPYBEIoBSFXyq4qpAw4IARUAAIhCGAFwAcABBg==&rs=AOn4CLDLRnJpYIroZNW0EFzB3Cz4GFBb4A,Avery Anna
4,Juice WRLD - Cigarettes (Official Music Video),https://www.youtube.com/watch?v=Sis_JJZoAfQ,,Juice WRLD
5,BOBA FETT EPISODE 6 BREAKDOWN HOLY SH,https://www.youtube.com/watch?v=4ky_WMd_IH0,,Star Wars Theory
6,DRAW YOUR MOVE - King Of The Court *Mystery Prize*,https://www.youtube.com/watch?v=OcQIaUZLfAw,,Jesser
7,#POV: When you turn 18 you have to answer a set of questions,https://www.youtube.com/watch?v=pBy0SHOiMYE,,Amara Chehade
8,WE THINK BABY #4 IS ON THE WAY...,https://www.youtube.com/watch?v=OxVKbQCYqFo,,The Bramfam
9,Resumen y goles | MÃ©xico vs PanamÃ¡ | ELIMINATORIA Qatar 2022 | TUDN,https://www.youtube.com/watch?v=EoA0IYJk1Cs,,TUDN USA
